1,新疆吐鲁番集市,img/b2/p1.jpg
2,交河故城,img/b2/p2.jpg
3,葡萄沟风情,img/b2/p3.jpg
4,库尔勒一景,img/b2/p4.jpg
5,吐鲁番一景,img/b2/p5.jpg
6,吐鲁番集市,img/b2/p6.jpg
7,高吕古城,img/b2/p7.jpg
8,吐鲁番集市,img/b2/p8.jpg
9,吐峪沟风景,img/b2/p9.jpg
10,苏公塔风景,img/b2/p10.jpg
11,维吾尔族院落,img/b2/p11.jpg
12,沙疗所远眺,img/b2/p12.jpg
13,无题,img/b1/800X1240/p13.jpg
14,无题,img/b1/800X1240/p14.jpg
15,无题,img/b1/800X1240/p15.jpg
16,无题,img/b1/800X1240/p16.jpg
17,无题,img/b1/800X1240/p17.jpg
18,无题,img/b1/800X1240/p18.jpg
19,无题,img/b1/800X1240/p19.jpg
20,无题,img/b1/800X1240/p20.jpg
21,无题,img/b1/800X1240/p21.jpg
22,无题,img/b1/800X1240/p22.jpg
23,无题,img/b1/800X1240/p23.jpg
24,无题,img/b1/800X1240/p24.jpg
25,无题,img/b1/800X1240/p25.jpg
26,无题,img/b1/800X1240/p26.jpg
27,无题,img/b1/800X1240/p27.jpg
28,无题,img/b1/800X1240/p28.jpg
29,无题,img/b1/800X1240/p29.jpg
30,无题,img/b1/800X1240/p30.jpg
31,无题,img/b1/800X1240/p31.jpg
32,无题,img/b1/800X1240/p32.jpg
33,无题,img/b1/800X1240/p33.jpg
34,无题,img/b1/800X1240/p34.jpg
35,无题,img/b1/900X900/p1.jpg
36,无题,img/b1/900X900/p2.jpg
37,无题,img/b1/900X900/p3.jpg
38,无题,img/b1/900X900/p4.jpg
39,无题,img/b1/800X1240/p1.jpg
40,无题,img/b1/800X1240/p2.jpg
41,无题,img/b1/800X1240/p3.jpg
42,无题,img/b1/800X1240/p4.jpg
43,无题,img/b1/800X1240/p5.jpg
44,无题,img/b1/800X1240/p6.jpg
45,无题,img/b1/800X1240/p7.jpg
46,无题,img/b1/800X1240/p8.jpg
47,无题,img/b1/800X1240/p9.jpg
48,无题,img/b1/800X1240/p10.jpg
49,无题,img/b1/800X1240/p11.jpg
50,无题,img/b1/800X1240/p12.jpg
